{"isStage":false,"name":"Capuccetto","variables":{},"lists":{},"broadcasts":{},"blocks":{},"comments":{},"currentCostume":0,"costumes":[{"assetId":"5c68e0e86f18f0f9178805b02142a4fa","name":"Tatiana-a","bitmapResolution":1,"md5ext":"5c68e0e86f18f0f9178805b02142a4fa.svg","dataFormat":"svg","rotationCenterX":60.66617859786567,"rotationCenterY":53.976467116512296},{"assetId":"39430f3fb274167bc859bdb330d93026","name":"Tatiana-b","bitmapResolution":1,"md5ext":"39430f3fb274167bc859bdb330d93026.svg","dataFormat":"svg","rotationCenterX":49.745376587193874,"rotationCenterY":61.25489058458328},{"assetId":"b810fcb93926f0b5b88f30a89085ee74","name":"Tatiana-c","bitmapResolution":1,"md5ext":"b810fcb93926f0b5b88f30a89085ee74.svg","dataFormat":"svg","rotationCenterX":60.66620656070279,"rotationCenterY":53.86535748765408},{"assetId":"d0e5117298c259578d59f70f89ec156e","name":"Tatiana-d","bitmapResolution":1,"md5ext":"d0e5117298c259578d59f70f89ec156e.svg","dataFormat":"svg","rotationCenterX":49.856537380790826,"rotationCenterY":55.721248024835845}],"sounds":[{"assetId":"c893b0a9b3e2e0594f1f921a12aa66be","name":"Footsteps","dataFormat":"wav","format":"","rate":44100,"sampleCount":235520,"md5ext":"c893b0a9b3e2e0594f1f921a12aa66be.wav"}],"volume":100,"visible":true,"x":11,"y":-32,"size":100,"direction":90,"draggable":false,"rotationStyle":"all around"}