{"isStage":false,"name":"lupo","variables":{},"lists":{},"broadcasts":{},"blocks":{},"comments":{},"currentCostume":0,"costumes":[{"assetId":"924269089de67795bf6899898781b1b1","name":"cat 2","bitmapResolution":1,"md5ext":"924269089de67795bf6899898781b1b1.svg","dataFormat":"svg","rotationCenterX":85.89435682926322,"rotationCenterY":37.7728748971048}],"sounds":[{"assetId":"cf51a0c4088942d95bcc20af13202710","name":"meow2","dataFormat":"wav","format":"","rate":44100,"sampleCount":26048,"md5ext":"cf51a0c4088942d95bcc20af13202710.wav"}],"volume":100,"visible":true,"x":-44,"y":-25,"size":100,"direction":90,"draggable":false,"rotationStyle":"all around"}